{
  "mean": [
    0.4075776279594103,
    0.37438049924689715,
    0.24773600396218515
  ],
  "std": [
    0.25937373234955635,
    0.2223552064954301,
    0.20958049483329713
  ],
  "pos_weight": 0.9493087557603687,
  "n_train": 423,
  "pos": 217,
  "neg": 206
}